<?xml version="1.0"?>
<!--<!DOCTYPE metadata SYSTEM "http://www.esri.com/metadata/esriprof80.dtd">-->
<metadata xml:lang="en"><Esri><CreaDate>20130417</CreaDate><CreaTime>13282600</CreaTime><SyncOnce>TRUE</SyncOnce><MetaID>{93AE689A-C2B5-45A6-81A4-A450DC37D473}</MetaID></Esri><idinfo><citation><citeinfo><onlink Sync="TRUE"></onlink></citeinfo></citation></idinfo><distInfo><distributor><distorTran><onLineSrc><linkage Sync="TRUE">file://</linkage><protocol Sync="TRUE">Local Area Network</protocol></onLineSrc></distorTran></distributor></distInfo><dataqual><lineage><procstep><procdesc Sync="TRUE">Dataset copied.</procdesc><srcused Sync="TRUE">E:\projects on maulik\GIS-Nikita\New Folder\AMC_wards</srcused><procdate Sync="TRUE">20110921</procdate><proctime Sync="TRUE">17184200</proctime></procstep><procstep><procdesc Sync="TRUE">Dataset copied.</procdesc><srcused Sync="TRUE">E:\projects-backup\GIS-Nikita\New Folder\New Folder (2)\AMC_wards</srcused><procdate Sync="TRUE">20120125</procdate><proctime Sync="TRUE">12501700</proctime></procstep><procstep><procdesc Sync="TRUE">Dataset copied.</procdesc><srcused Sync="TRUE">E:\projects-backup\maps\Cut\AMC_wards Final</srcused><procdate Sync="TRUE">20120414</procdate><proctime Sync="TRUE">14292800</proctime></procstep><procstep><procdesc Sync="TRUE">Dataset copied.</procdesc><srcused Sync="TRUE"></srcused><procdate Sync="TRUE">20130417</procdate><proctime Sync="TRUE">13282600</proctime></procstep></lineage></dataqual></metadata>
